{"chunk_definitions":[{"row":30,"row_count":1,"visible":true,"expansion_state":0,"options":{"engine":"r","label":"setup","message":false,"dev":"png"},"document_id":"3E02D1A7","chunk_id":"csetup_chunk","chunk_label":"setup"},{"row":64,"row_count":1,"visible":true,"expansion_state":0,"options":{"engine":"r","label":"unnamed-chunk-2","message":false,"output":false,"warning":false,"dev":"png"},"document_id":"3E02D1A7","chunk_id":"cyb5k44dc2oge","chunk_label":"unnamed-chunk-1"},{"row":170,"row_count":1,"visible":true,"expansion_state":0,"options":{"engine":"r","label":"unnamed-chunk-3","dev":"png"},"document_id":"3E02D1A7","chunk_id":"ccoof8z6zk5oi","chunk_label":"unnamed-chunk-2"},{"row":321,"row_count":1,"visible":true,"expansion_state":0,"options":{"engine":"r","label":"unnamed-chunk-4","dev":"png"},"document_id":"3E02D1A7","chunk_id":"ck8i1gnx6zpmo","chunk_label":"unnamed-chunk-3"},{"row":499,"row_count":1,"visible":true,"expansion_state":0,"options":{"engine":"r","label":"unnamed-chunk-5","dev":"png"},"document_id":"3E02D1A7","chunk_id":"ca3236v01ljls","chunk_label":"unnamed-chunk-4"},{"row":573,"row_count":1,"visible":true,"expansion_state":0,"options":{"engine":"r","label":"unnamed-chunk-6","dev":"png"},"document_id":"3E02D1A7","chunk_id":"cqshb3wmt49gs","chunk_label":"unnamed-chunk-5"},{"row":601,"row_count":1,"visible":true,"expansion_state":0,"options":{"engine":"r","label":"unnamed-chunk-7","dev":"png"},"document_id":"3E02D1A7","chunk_id":"cplq2yl7vrguf","chunk_label":"unnamed-chunk-6"},{"row":678,"row_count":1,"visible":true,"expansion_state":0,"options":{"engine":"r","label":"unnamed-chunk-8","warning":false,"dev":"png"},"document_id":"3E02D1A7","chunk_id":"cb9sgph42sxxx","chunk_label":"unnamed-chunk-7"},{"row":765,"row_count":1,"visible":true,"expansion_state":0,"options":{"engine":"r","label":"unnamed-chunk-9","dev":"png"},"document_id":"3E02D1A7","chunk_id":"c1dxruvjv0rf2","chunk_label":"unnamed-chunk-8"},{"row":904,"row_count":1,"visible":true,"expansion_state":0,"options":{"engine":"r","label":"unnamed-chunk-10","warning":false,"message":false,"dev":"png"},"document_id":"3E02D1A7","chunk_id":"ckr0z0xlyc8c9","chunk_label":"unnamed-chunk-9"}],"doc_write_time":1729985237,"working_dir":null,"default_chunk_options":{}}