{"chunk_definitions":[{"row":30,"row_count":1,"visible":true,"expansion_state":0,"options":{"engine":"r","label":"setup","message":false,"dev":"png"},"document_id":"3E02D1A7","chunk_id":"csetup_chunk","chunk_label":"setup"},{"row":64,"row_count":1,"visible":true,"expansion_state":0,"options":{},"document_id":"3E02D1A7","chunk_id":"cnd6zknv01w13","chunk_label":"unnamed-chunk-1"},{"row":170,"row_count":1,"visible":true,"expansion_state":0,"options":{},"document_id":"3E02D1A7","chunk_id":"cqz95u51yw2s1","chunk_label":"unnamed-chunk-2"},{"row":321,"row_count":1,"visible":true,"expansion_state":0,"options":{},"document_id":"3E02D1A7","chunk_id":"ccvdxbukzqeyi","chunk_label":"unnamed-chunk-3"},{"row":499,"row_count":1,"visible":true,"expansion_state":0,"options":{},"document_id":"3E02D1A7","chunk_id":"cgtn58eky2o6e","chunk_label":"unnamed-chunk-4"},{"row":573,"row_count":1,"visible":true,"expansion_state":0,"options":{},"document_id":"3E02D1A7","chunk_id":"caoclh26h9idh","chunk_label":"unnamed-chunk-5"},{"row":601,"row_count":1,"visible":true,"expansion_state":0,"options":{},"document_id":"3E02D1A7","chunk_id":"ci16bnrvg5z6t","chunk_label":"unnamed-chunk-6"},{"row":678,"row_count":1,"visible":true,"expansion_state":0,"options":{},"document_id":"3E02D1A7","chunk_id":"cmc9k1bkut647","chunk_label":"unnamed-chunk-7"},{"row":765,"row_count":1,"visible":true,"expansion_state":0,"options":{},"document_id":"3E02D1A7","chunk_id":"clgtym8n8t83c","chunk_label":"unnamed-chunk-8"},{"row":921,"row_count":1,"visible":true,"expansion_state":0,"options":{"engine":"r","label":"unnamed-chunk-41","warning":false,"message":false,"dev":"png"},"document_id":"3E02D1A7","chunk_id":"cjok4uxs8stu4","chunk_label":"unnamed-chunk-9"}],"doc_write_time":1730505200,"working_dir":null,"default_chunk_options":{}}