"0","#| warning: false"
"0","#| message: false"
"0",""
"0",""
"0","grid.arrange("
"0","  "
"0","  #### PC1 ###################"
"0","  ggplot("
"0","    pca_and_trait, aes(family, PC1)) + geom_boxplot() + ggtitle(""a."") +"
"0","    labs("
"0","       x = ""Family"","
"0","       y = ""Size axis"","
"0","    ) +"
"0","    scale_x_discrete(labels = c("
"0","      ""Auk"", "
"0","      ""C,S"", "
"0","      ""Duck"","
"0","      ""Gull"","
"0","      ""Petrel"","
"0","      ""Sulid"","
"0","      ""Wader"""
"0","      )),"
"0",""
"0","  ggplot("
"0","    pca_and_trait, aes(flight_type, PC1)) + geom_boxplot() + ggtitle(""b."") +"
"0","    labs("
"0","       x = ""Flight type"","
"0","       y = ""Size axis"","
"0","    ),"
"0","  "
"0","  ggplot("
"0","    pca_and_trait, aes(nest_terrain, PC1)) + geom_boxplot() + ggtitle(""c."") +"
"0","    labs("
"0","       x = ""Nest terrain"","
"0","       y = ""Size axis"","
"0","    ) +"
"0","    scale_x_discrete(labels = c("
"0","      ""Burrows"", "
"0","      ""Cliff"", "
"0","      ""Flat"","
"0","      ""Mixed"","
"0","      ""Thickets"""
"0","      )),"
"0","  "
"0","  ggplot("
"0","    pca_and_trait, aes(flight_length, PC1)) + geom_boxplot() + ggtitle(""d."") +"
"0","    labs("
"0","       x = ""Flight length"","
"0","       y = ""Size axis"","
"0","    ),"
"0","  "
"0",""
"0","  #### PC2 ###################"
"0","  ggplot("
"0","    pca_and_trait, aes(family, PC2)) + geom_boxplot() + ggtitle(""e."") +"
"0","    labs("
"0","       x = ""Family"","
"0","       y = ""Dive axis"","
"0","    ) +"
"0","    scale_x_discrete(labels = c("
"0","      ""Auk"", "
"0","      ""C,S"", "
"0","      ""Duck"","
"0","      ""Gull"","
"0","      ""Petrel"","
"0","      ""Sulid"","
"0","      ""Wader"""
"0","      )),"
"0","  "
"0","  ggplot("
"0","    pca_and_trait, aes(flight_type, PC2)) + geom_boxplot() + ggtitle(""f."") +"
"0","    labs("
"0","       x = ""Flight type"","
"0","       y = ""Dive axis"","
"0","    ),"
"0","  "
"0","  ggplot("
"0","    pca_and_trait, aes(nest_terrain, PC2)) + geom_boxplot() + ggtitle(""g."") +"
"0","    labs("
"0","       x = ""Nest terrain"","
"0","       y = ""Dive axis"","
"0","    ) +"
"0","    scale_x_discrete(labels = c("
"0","      ""Burrows"", "
"0","      ""Cliff"", "
"0","      ""Flat"","
"0","      ""Mixed"","
"0","      ""Thickets"""
"0","      )),"
"0","      "
"0","  ggplot("
"0","    pca_and_trait, aes(dive_type, PC2)) + geom_boxplot() + ggtitle(""h."") +"
"0","    labs("
"0","       x = ""Dive type"","
"0","       y = ""Dive axis"","
"0","    ) +"
"0","    scale_x_discrete(labels = c("
"0","      ""Deep"", "
"0","      ""Plunge"", "
"0","      ""Skimming"","
"0","      ""Surface"""
"0","      )),"
"0","  "
"0","  ggplot("
"0","    pca_and_trait, aes(specialization, PC2)) + geom_boxplot() + ggtitle(""i."") +"
"0","    labs("
"0","       x = ""Specialization"","
"0","       y = ""Dive axis"","
"0","    ) +"
"0","    scale_x_discrete(labels = c("
"0","      ""Fish"", "
"0","      ""Generalist"", "
"0","      ""Invertebrate"""
"0","      )),"
"0","  "
"0","  ggplot("
"0","    pca_and_trait, aes(marine_exclusive_diet, PC2)) + geom_boxplot() + "
"0","    ggtitle(""j."") +"
"0","    labs("
"0","       x = ""Marine-only diet"","
"0","       y = ""Dive axis"","
"0","    ),"
"0","  "
"0","  ggplot("
"0","    pca_and_trait, aes(eggs_per_nest, PC2)) + geom_point() + "
"0","    geom_smooth(method = ""loess"", color = ""black"") + ggtitle(""k."") +"
"0","    labs("
"0","       x = ""Clutch size"","
"0","       y = ""Dive axis"","
"0","    ),"
"0","  ncol = 4"
"0",")"
"0",""
