"0","### PCA Seabird selection"
"0","# Use Latin names from column ""species3_bird_tree"" in the raw data"
"0","# Adding or removing birds should be done within their family  "
"0","# New families can be named whatever"
"0","# Optionally use ""seabird_datacheck"" code at the bottom to verify additions"
"0",""
"0","listed_selection <- list("
"0","  Gulls = c("
"0","    ""Larus minutus"", "
"0","    ""Larus ridibundus"", "
"0","    ""Larus canus"", "
"0","    ""Larus fuscus"", "
"0","    ""Larus argentatus"", "
"0","    ""Larus glaucoides"", "
"0","    ""Larus hyperboreus"", "
"0","    ""Larus marinus"", "
"0","    ""Rissa tridactyla"","
"0","    ""Xema sabini"","
"0","    ""Pagophila eburnea"","
"0","    ""Sterna hirundo"","
"0","    ""Sterna paradisaea"""
"0","  ),"
"0","  Auks = c("
"0","    ""Alca torda"", "
"0","    ""Uria aalge"", "
"0","    ""Uria lomvia"", "
"0","    ""Fratercula arctica"", "
"0","    ""Cepphus grylle"", "
"0","    ""Alle alle"""
"0","  ),"
"0","  Commorants_and_shags = c("
"0","    ""Phalacrocorax carbo"", "
"0","    ""Phalacrocorax aristotelis"""
"0","  ),"
"0","  Sulids = c("
"0","    ""Morus bassanus"""
"0","  ),"
"0","  Petrels = c("
"0","    ""Puffinus puffinus"", "
"0","    ""Puffinus mauretanicus"", "
"0","    ""Puffinus assimilis"", "
"0","    ""Puffinus gravis"", "
"0","    ""Fulmarus glacialis"", "
"0","    ""Hydrobates pelagicus"", "
"0","    ""Calonectris diomedea"""
"0","  ),"
"0","  Ducks = c("
"0","    ""Somateria mollisima"", "
"0","    ""Somateria spectabilis"", "
"0","    ""Clangula hyemalis"", "
"0","    ""Mergellus albellus"", "
"0","    ""Melanitta fusca"", "
"0","    ""Melanitta nigra"", "
"0","    ""Melanitta perspicillata"""
"0","  ),"
"0","  Waders = c("
"0","    ""Haematopus ostralegus"""
"0","  )"
"0",")"
"0",""
"0","unlisted_selection <- unlist(listed_selection)"
"0","seabird_dataset <- filter("
"0","  AVONET_Raw_Data, species3_bird_tree %in% unlisted_selection"
"0","  )"
"0",""
"0","# Calculate means and add the groups column"
"0","final_table <- seabird_dataset |>"
"0","  group_by(species3_bird_tree) |>"
"0","  summarise(across(2:10, ~ mean(.x, na.rm = TRUE))) |>"
"0","  left_join(imap_dfr(listed_selection, ~ data.frame(species = .x, groups = .y)),"
"0","    by = c(""species3_bird_tree"" = ""species""))"
"0",""
"0","final_table_all <- AVONET_Raw_Data |>"
"0","  group_by(species3_bird_tree) |>"
"0","  summarise(across(2:10, ~ mean(.x, na.rm = TRUE))) |>"
"0","  left_join(imap_dfr(listed_selection, ~ data.frame(species = .x, groups = .y)),"
"0","    by = c(""species3_bird_tree"" = ""species"")) |>"
"0","  mutate(groups = case_match("
"0","    groups,"
"0","    NA ~ ""All birds"","
"0","    c("
"0","      ""Gulls"","
"0","      ""Auks"","
"0","      ""Commorants_and_shags"","
"0","      ""Sulids"","
"0","      ""Petrels"","
"0","      ""Ducks"","
"0","      ""Waders"""
"0","      ) ~ ""Seabird"","
"0","    .default = groups"
"0","  ))"
"0",""
"0","final_table_all <- final_table_all[complete.cases(final_table_all), ]"
"0",""
"0","### To verify additions:"
"0","# seabird_datacheck <- seabird_dataset |>"
"0","#  distinct(species3_bird_tree)"
"0","# view(seabird_datacheck)"
"0",""
"0",""
