"0","#| message: false"
"0","#| output: false"
"0","#| warning: false"
"0",""
"0","### Import and data selection"
"0","# Morphological traits"
"0","AVONET_Raw_Data <- read_csv(""data/AVONET_Raw_Data.csv"") |>"
"0","janitor::clean_names() |>"
"0","  select("
"0","    species3_bird_tree, "
"0","    sex, "
"0","    beak_length_culmen, "
"0","    beak_length_nares, "
"0","    beak_width, "
"0","    beak_depth, "
"0","    tarsus_length, "
"0","    wing_length, "
"0","    kipps_distance, "
"0","    hand_wing_index, "
"0","    tail_length"
"0","  )"
"0","#Functional traits"
"0","Functional_trait_data <- read_csv("
"0","  ""data/Tabell over fugler og trekk i sammenheng - Ark 1.csv"", "
"0","    skip = 10) |>"
"0","  select(-Comment) |>"
"0","  janitor::clean_names() "
"0",""
