"0",""
"0",""
"0","# Create a color scale function for p-values"
"0","color_scale <- function(x) {"
"0","  ifelse(x < 0.01, ""green"","
"0","         ifelse(x < 0.05, ""lightgreen"","
"0","                ifelse(x < 0.1, ""pink"", ""red"")))"
"0","}"
"0",""
"0",""
"0","# Set values above the diagonal to NA"
"0","p_value_matrix[upper.tri(p_value_matrix)] <- NA"
"0",""
"0","# Convert back to data frame, if you need it as a data frame"
"0","p_value_df <- as.data.frame(p_value_matrix)"
"0",""
"0",""
"0","# Use formattable to color-code the p-values"
"0","formatted_table <- formattable("
"0","  p_value_df,"
"0","  lapply("
"0","    p_value_df, function(column){formatter(""span"", style = x ~ style("
"0","      display = ""block"", padding = ""5px"", background = color_scale(x)"
"0","      ))}"
"0","    )"
"0","  )"
"0",""
"0","# Print the formatted table"
"0","formatted_table"
