"0",""
"0","traits <- c("
"0","  ""family"","
"0","  ""dive_type"", "
"0","  ""specialization"", "
"0","  ""colony_size"","
"0","  ""nest_terrain"","
"0","  ""marine_exclusive_diet"","
"0","  ""flight_type"","
"0","  ""flight_length"","
"0","  ""eggs_per_nest"""
"0",")"
"0",""
"0","# Fisher results - functional traits against functional traits"
"0","p_value_matrix <- matrix(NA, nrow = length(traits), ncol = length(traits))"
"0","rownames(p_value_matrix) <- traits"
"0","colnames(p_value_matrix) <- traits"
"0",""
"0","# Loop through all pairs of traits to perform Fisher's exact test"
"0","for (i in 1:length(traits)) {"
"0","  for (j in i:length(traits)) {"
"0","    if (i == j) {"
"0","      p_value_matrix[i, j] <- NA  # No test with the same trait"
"0","    } else {"
"0","      # Calculate the contingency table for the pair of traits"
"0","      contingency_table <- table("
"0","        Functional_trait_data[[traits[i]]], Functional_trait_data[[traits[j]]]"
"0","        )"
"0","      "
"0","      # Perform Fisher's exact test for the pair of traits"
"0","      fisher_result <- fisher.test(contingency_table)"
"0","      "
"0","      # Store the p-value in both symmetric positions of the matrix"
"0","      p_value_matrix[i, j] <- round(fisher_result$p.value, digits = 4)"
"0","      p_value_matrix[j, i] <- round(fisher_result$p.value, digits = 4)"
"0","    }"
"0","  }"
"0","}"
"0",""
"0","# Convert the matrix into a data frame for a nicer display"
"0","p_value_table <- as.data.frame(p_value_matrix)"
"0","print(p_value_table)"
