{"chunk_definitions":[{"row":30,"row_count":1,"visible":true,"expansion_state":0,"options":{"engine":"r","label":"setup","message":false,"dev":"png"},"document_id":"3E02D1A7","chunk_id":"csetup_chunk","chunk_label":"setup"},{"row":64,"row_count":1,"visible":true,"expansion_state":0,"options":{"engine":"r","label":"unnamed-chunk-2","message":false,"output":false,"warning":false,"dev":"png"},"document_id":"3E02D1A7","chunk_id":"ce1ohhogkss8z","chunk_label":"unnamed-chunk-1"},{"row":170,"row_count":1,"visible":true,"expansion_state":0,"options":{"engine":"r","label":"unnamed-chunk-3","dev":"png"},"document_id":"3E02D1A7","chunk_id":"cr3raq9nhaub8","chunk_label":"unnamed-chunk-2"},{"row":321,"row_count":1,"visible":true,"expansion_state":0,"options":{"engine":"r","label":"unnamed-chunk-4","dev":"png"},"document_id":"3E02D1A7","chunk_id":"c03r3d9krzo6s","chunk_label":"unnamed-chunk-3"},{"row":499,"row_count":1,"visible":true,"expansion_state":0,"options":{"engine":"r","label":"unnamed-chunk-5","dev":"png"},"document_id":"3E02D1A7","chunk_id":"cv74ctt34dk37","chunk_label":"unnamed-chunk-4"},{"row":573,"row_count":1,"visible":true,"expansion_state":0,"options":{"engine":"r","label":"unnamed-chunk-6","dev":"png"},"document_id":"3E02D1A7","chunk_id":"cup3ztqexh5mo","chunk_label":"unnamed-chunk-5"},{"row":601,"row_count":1,"visible":true,"expansion_state":0,"options":{"engine":"r","label":"unnamed-chunk-7","dev":"png"},"document_id":"3E02D1A7","chunk_id":"ckqss14js8lom","chunk_label":"unnamed-chunk-6"},{"row":678,"row_count":1,"visible":true,"expansion_state":0,"options":{"engine":"r","label":"unnamed-chunk-8","warning":false,"dev":"png"},"document_id":"3E02D1A7","chunk_id":"cafk4u6wholvl","chunk_label":"unnamed-chunk-7"},{"row":765,"row_count":1,"visible":true,"expansion_state":0,"options":{"engine":"r","label":"unnamed-chunk-9","dev":"png"},"document_id":"3E02D1A7","chunk_id":"chaf7uz4q4ymq","chunk_label":"unnamed-chunk-8"},{"row":920,"row_count":1,"visible":true,"expansion_state":0,"options":{"engine":"r","label":"unnamed-chunk-11","warning":false,"message":false,"dev":"png"},"document_id":"3E02D1A7","chunk_id":"cjok4uxs8stu4","chunk_label":"unnamed-chunk-9"}],"doc_write_time":1730981774,"working_dir":null,"default_chunk_options":{},"chunk_rendered_width":700}