"0","#########ANOVA "
"0",""
"0","pca_scores <- pca_scores |>"
"0","  mutate(species = species3_bird_tree) |>"
"0","  select(-species3_bird_tree)"
"0",""
"0","pca_and_trait <- Functional_trait_data |>"
"0","  group_by(species) |>"
"0","  left_join(pca_scores, by = ""species"")"
"0",""
"0","### RESTULT - returns summary of one categorical variable against one PC"
"0","# plot((aov(PC2 ~ `dive_type`, data = pca_and_trait)))"
"0","# ggplot(pca_and_trait, aes(endangered_svlabard, PC1)) + "
"0","#   geom_boxplot() + ggtitle(""Endangerment Svalbard"")"
"0",""
"0",""
"0","### Complete table of all functional traits against all PCs"
"0","# List of principal components to analyze"
"0","pcs <- c(""PC1"", ""PC2"")"
"0",""
"0","# List of functional traits to use as independent variables"
"0","traits <- c("
"0","  ""family"","
"0","  ""dive_type"", "
"0","  ""specialization"", "
"0","  ""colony_size"","
"0","  ""nest_terrain"","
"0","  ""marine_exclusive_diet"","
"0","  ""endangered_global"","
"0","  ""endangered_europe"","
"0","  ""endangered_svlabard"","
"0","  ""endangered_norway"","
"0","  ""flight_type"","
"0","  ""flight_length"""
"0",")"
"0","  # ""eggs_per_nest"""
"0",""
"0","# Create an empty data frame to store the results"
"0","p_values_table <- data.frame("
"0","  matrix(ncol = length(traits) + 1, nrow = length(pcs))"
"0","  )"
"0","colnames(p_values_table) <- c(""PC"", traits)"
"0","p_values_table$PC <- pcs"
"0",""
"0","# ANOVA loooooop"
"0","for (pc in pcs) {"
"0","  for (trait in traits) {"
"0","    # Perform ANOVA for the current principal component and trait"
"0","    anova_result <- aov(as.formula(paste(pc,""~"",trait)), data = pca_and_trait)"
"0","    "
"0","    # Extract the p-value from the ANOVA summary"
"0","    p_value <- round(summary(anova_result)[[1]][[""Pr(>F)""]][1], digits = 4)"
"0","    "
"0","    # Store the p-value in the corresponding cell of the table"
"0","    p_values_table[p_values_table$PC == pc, trait] <- p_value"
"0","  }"
"0","}"
"0",""
"0","p_values_table <- p_values_table |>"
"0","  select(-""PC"") |>"
"0","  t()"
"0",""
"0","colnames(p_values_table) <- c(""PC1"", ""PC2"")"
"0",""
"0","# Display the table of p-values"
"0","print(p_values_table)"
"1","                     "
"1","    PC1"
"1","    PC2"
"1","
family               "
"1"," 0.0019"
"1"," 0.0000"
"1","
dive_type            "
"1"," 0.1364"
"1"," 0.0000"
"1","
specialization       "
"1"," 0.1596"
"1"," 0.0000"
"1","
colony_size          "
"1"," 0.2533"
"1"," 0.0601"
"1","
nest_terrain         "
"1"," 0.0096"
"1"," 0.0076"
"1","
marine_exclusive_diet"
"1"," 0.0787"
"1"," 0.0055"
"1","
endangered_global    "
"1"," 0.9167"
"1"," 0.6613"
"1","
endangered_europe    "
"1"," 0.9402"
"1"," 0.6626"
"1","
endangered_svlabard  "
"1"," 0.4319"
"1"," 0.8837"
"1","
endangered_norway    "
"1"," 0.9467"
"1"," 0.5092"
"1","
flight_type          "
"1"," 0.0009"
"1"," 0.0021"
"1","
flight_length        "
"1"," 0.0397"
"1"," 0.0539"
"1","
"
"0","p_values_table <- as.data.frame(p_values_table)"
"0",""
