Species,Family,Dive type,Specialization,Colony,Nest terrain,Marine exclusive diet,,,,Endangered ,Flight type,Flight length ,Eggs per nest,Inkubasjonstid,Comment,,
,Gulls,Surface,Generalist,Single_or_small,Cliff_edge,Yes,,,,EX,Gliding ,Short ,Taken the most normal for each specie,,North atlantic sea birds,,
,Cormorants_and_shags,Skimming ,Fish_specialist,Sparse,Flat_terrain,No,,,,EW,Flapping ,Long ,,Gjennomsnitt tatt,Ecological factors and morphological traits,,
,Ducks,Plungediving,Invertebrate_specialist,Dense,Mixed_terrain,,,,,CR,Mixed,,,,,,
,Petrels,,,,Burrows,,,,,EN,,,,,,,
,Skuas,,,,Thickets,,,,,VU,,,,,,,
,Sulids,,,,,,,,,NT,,,,,,,
,Waders,,,,,,,,,LC,,,,,,,
,Auks,,,,,,,,,,,,,,,,
,,,,,,,,,,,,,,,,,
Species,Family,Dive type,Specialization,Colony size,Nest terrain,Marine exclusive diet ,Endangered global,Endangered Europe,Endangered Svlabard,Endangered Norway,Flight type,Flight length ,Eggs per nest,Inkubasjonstid(dager),Comment,,
Larus minutus,Gulls,Skimming,Generalist,Sparse,Flat_terrain,No,LC,LC,NT,LC,Mixed,Short ,4,,"Insectivore during breeding, marine rest of the year, may be gliding",,
Larus ridibundus,Gulls,Skimming,Generalist,Dense,Flat_terrain,No,LC,LC,,CR,Mixed,Short ,3,23,May be gliding,,
Larus canus,Gulls,Skimming,Generalist,Single_or_small,Flat_terrain,No,LC,LC,,VU,Gliding,Short ,3,24,Usually colonial,,
Larus fuscus,Gulls,Skimming,Generalist,Dense,Mixed_terrain,No,LC,LC,,LC,Gliding,Long,3,25,,,
Larus argentatus,Gulls,Skimming,Generalist,Dense,Mixed_terrain,No,LC,LC,,VU,Gliding,Long,3,27,,,
Larus glaucoides,Gulls,Skimming,Generalist,Single_or_small,Cliff_edge,No,LC,LC,,,Gliding,Long,3,25,Can breed in pairs  ,,
Larus hyperboreus,Gulls,Skimming,Generalist,Single_or_small,Mixed_terrain,No,LC,LC,VU,,Gliding,Long,3,28,Can breed in pairs,,
Larus marinus,Gulls,Skimming,Generalist,Single_or_small,Mixed_terrain,No,LC,LC,NT,LC,Gliding,Long,3,27,,,
Rissa tridactyla,Gulls,Surface,Fish_specialist,Dense,Cliff_edge,Yes,VU,VU,NT,EN,Mixed,Short ,3,29,,,
Xema sabini,Gulls,Skimming,Generalist,Single_or_small,Flat_terrain,No,LC,LC,EN,,Mixed,Long,3,25,,,
Pagophila eburnea,Gulls,Skimming,Generalist,Dense,Mixed_terrain,No,NT,VU,VU,,Flapping ,Long,2,25,"Kan glide, men mønsteret er at den flapper",,
Sterna hirundo,Gulls,Plungediving,Fish_specialist,Dense,Flat_terrain,Yes,LC,LC,,EN,Mixed,Long,3,25,"It is known for its graceful, buoyant flight, alternating between quick wingbeats and periods of gliding",,
Sterna paradisaea,Gulls,Plungediving,Generalist,Sparse,Flat_terrain,No,LC,LC,LC,LC,Mixed,Long,3,25,"long-distance migrations, combination of gliding and flapping allows it to conserve energy during its extended journeys.",,
Phalacrocorax carbo,Cormorants_and_shags,Surface,Fish_specialist,Dense,Mixed_terrain,No,LC,LC,,NT,Mixed,Long,4,28,non-agreeable literature when it comes to dive depth,,"some literature states that some shags and cormorons seems to make thier nests more in trees than privioulsy but this was said to be a resent change, nad wil thusly not affect their evolution of traits"
Phalacrocorax aristotelis,Cormorants_and_shags,Surface,Fish_specialist,Sparse,Cliff_edge,Yes,LC,LC,,LC,Mixed,Long,4,31,non-agreeable literature when it comes to dive depth,,
Morus bassanus,Sulids,Plungediving,Fish_specialist,Dense,Cliff_edge,Yes,LC,LC,,LC,Mixed,Long,1,44,,,
Calonectris diomedea,Petrels,Surface,Fish_specialist,Dense,Mixed_terrain,Yes,LC,LC,,,Gliding,Long,1,53,,,
Puffinus puffinus,Petrels,Plungediving,Fish_specialist,Dense,Burrows,Yes,LC,LC,,,Mixed,Long,1,50,,,
Puffinus mauretanicus,Petrels,Plungediving,Fish_specialist,Sparse,Burrows,Yes,CR,CR,,,Mixed,Long,1,50,,,
Puffinus assimilis,Petrels,Plungediving,Fish_specialist,Sparse,Burrows,Yes,LC,,,,Mixed,Long,1,55,,,
Puffinus gravis,Petrels,Plungediving,Generalist,Dense,Mixed_terrain,Yes,LC,,,,Mixed,Long,1,55,,,
Fulmarus glacialis,Petrels,Surface,Generalist,Dense,Cliff_edge,Yes,LC,VU,LC,EN,Mixed,Long,1,56,,,
Hydrobates pelagicus,Petrels,Surface,Generalist,Dense,Burrows,Yes,LC,LC,,LC,Flapping,Long,1,48,"Flight-pattern bat-like with quick fluttering wing-beats and less powerful, and only short, gliding sequences.Lager ikke reir. Bortsett fra i hekketiden lever havsvalen fullstendig pelagisk og sees sjelden nær land. ",,
Alca torda,Auks,Surface ,Fish_specialist,Dense,Cliff_edge,Yes,LC,LC,EN,VU,Flapping,Short ,1,36,,,
Uria aalge,Auks,Surface ,Fish_specialist,Dense,Cliff_edge,Yes,LC,LC,NT,CR,Flapping,Long,1,33,Can dive up to 100m but usually stays in the surface around 30m. ,,
Uria lomvia,Auks,Surface ,Invertebrate_specialist,Dense,Cliff_edge,Yes,LC,LC,VU,CR,Flapping,Long,1,32,"Lomvien kan dykke ned til 100 meters dyp, men som oftest henter den næring i de øverste vannmassene. Reir i ""åpen fjellhylle, eller skjult i en steinur eller bergsprekk, vil det si mixed eller cliff_edge?""",,
Fratercula arctica,Auks,Surface ,Invertebrate_specialist,Dense,Cliff_edge,Yes,VU,EN,LC,EN,Flapping,Short ,1,40,"Reir i ""åpen fjellhylle, eller skjult i en steinur eller bergsprekk, vil det si mixed eller cliff_edge?""",,
Cepphus grylle,Auks,Surface ,Invertebrate_specialist,Sparse,Cliff_edge,Yes,LC,LC,LC,NT,Flapping,Short ,2,30,"Reir i et utgravd jordhull, i en steinur eller bergsprekk, mixed eller cliff_edge? ",,
Alle alle,Auks,Surface ,Invertebrate_specialist,Dense,Cliff_edge,Yes,LC,LC,LC,LC,Flapping,Short,1,30,,,
Somateria mollisima,Ducks,Surface,Invertebrate_specialist,Dense,Mixed_terrain,Yes,NT,EN,LC,VU,Flapping,Short,5,27,Her er det gjort gjennomsnitt på egg ,,
Somateria spectabilis,Ducks,Surface,Invertebrate_specialist,Dense,Mixed_terrain,Yes,LC,LC,NT,LC,Flapping,Short,6,23,Gjennomsnitt på egg,,
Clangula hyemalis,Ducks,Surface,Invertebrate_specialist,Sparse,Flat_terrain,Yes,VU,LC,NT,NT,Flapping,Long,7,27,Gjennomsnitt egg,,
Mergellus albellus,Ducks,Surface,Invertebrate_specialist,Single_or_small,Burrows,No,LC,LC,,VU,Flapping,Short,8,27,Gjennomsnitt egg (kan legge opp mot 14),,
Melanitta fusca,Ducks,Surface,Invertebrate_specialist,Sparse,Thickets,Yes,VU,VU,,VU,Flapping,Short,9,28,Gjennomsnitt egg,,
Melanitta nigra ,Ducks,Surface,Invertebrate_specialist,Sparse,Thickets,Yes,LC,LC,,VU,Flapping,Short,9,29,Gjennomsnitt egg,,
Melanitta perspicillata,Ducks,Surface,Invertebrate_specialist,Sparse,Burrows,Yes,LC,,,LC,Flapping,Short,7,29,Gjennomsntt egg,,
Haematopus ostralegus,Waders,Surface,Invertebrate_specialist ,Sparse,Flat_terrain,No,NT,VU,,NT,Flapping,Short,3,34,Vanligvis egg,,