"0",""
"0","###Import font if not done already:"
"0","# font_import()"
"0","# loadfonts(device = ""win"")"
"0",""
"0",""
"0","traits_all <- final_table_all[, sapply(final_table_all, is.numeric)]"
"0","scaled_traits_all <- scale(traits_all)"
"0","pca_result_all <- prcomp(traits_all, scale. = FALSE)"
"0",""
"0","pca_scores <- as.data.frame(pca_result_all$x)"
"0","pca_loadings <- as.data.frame(pca_result_all$rotation[, 1:2])  "
"0","pca_loadings$variable <- rownames(pca_loadings) "
"0","pca_loadings <- pca_loadings |>"
"0","  mutate(variable = case_match("
"0","    variable,"
"0","    c("
"0","      ""beak_length_culmen"","
"0","      ""beak_length_nares"","
"0","      ""beak_width"","
"0","      ""beak_depth"","
"0","      ""tarsus_length"""
"0","      ) ~ """","
"0","    ""hand_wing_index"" ~ """","
"0","    ""wing_length"" ~ """","
"0","    ""kipps_distance"" ~ ""Kipps distance"","
"0","    ""tail_length"" ~ ""Tail length"","
"0","    .default = variable"
"0","  ))"
"0",""
"0","find_hull <- function(df) {"
"0","  df[chull(df$PC1, df$PC2), ]"
"0","}"
"0",""
"0","pca_scores_with_group <- pca_scores |>"
"0","  mutate(groups = (final_table_all$groups)) |>"
"0","  filter(groups %in% ""Seabird"") #|>"
"0","  #select(-groups)"
"0",""
"0","seabird_table_all <- filter(final_table_all, groups %in% ""Seabird"")"
"0",""
"0","# Create a data frame of hull points for each group"
"0","hulls <- do.call(rbind, lapply("
"0","  split(pca_scores_with_group, pca_scores_with_group$groups), find_hull)"
"0","  )"
"0",""
"0",""
"0","####### This code will make your computer cry "
"0","# kd <- ks::kde(pca_scores, compute.cont=TRUE, binned=FALSE)"
"0","# contour_95 <- with(kd, contourLines(x=eval.points[[1]], y=eval.points[[2]],"
"0","#                                     z=estimate, levels=cont[""5%""])[[1]])"
"0","# contour_95 <- data.frame(contour_95)"
"0",""
"0","pca_loadings_higlighted <- pca_loadings |> slice(-c(1:5))"
"0","pca_loadings_dark <- pca_loadings |> slice(-c(6:9))"
"0",""
"0","# Create a PCA biplot with ggplot2"
"0","pca_plot <- ggplot(pca_scores, aes(x = PC1, y = PC2)) +"
"0","  "
"0","  geom_vline(aes(xintercept = 0), show.legend = NA, linetype = 2, size = 0.3) +"
"0","  geom_hline(aes(yintercept = 0), show.legend = NA, linetype = 2, size = 0.3) +"
"0","  # species points"
"0","  geom_point(aes(color = final_table_all$groups), size = 2, alpha = 0.4) +"
"0","  "
"0","  ##DENSITY MAPS"
"0","  geom_polygon(data = hulls, fill = ""cyan"", aes(x = PC1, y = PC2, ),"
"0","              alpha = 0.33) +"
"0","  # geom_polygon(data = hulls, fill = groups) +"
"0","  "
"0","  geom_point(data = pca_scores_with_group, aes("
"0","    x = PC1, y = PC2), color = ""cyan"", size = 3"
"0","    ) +"
"0","  geom_density_2d(color = ""red"", bins = 5, size = 0.5) +"
"0",""
"0","  "
"0","  labs("
"0","    x = paste0(""PC1: Size axis ("", round("
"0","      100 * pca_result_all$sdev[1]^2 / sum(pca_result_all$sdev^2), 2), "
"0","      ""%)""),"
"0","    y = paste0(""PC2: Form axis ("", round("
"0","      100 * pca_result_all$sdev[2]^2 / sum(pca_result_all$sdev^2), 2), "
"0","      ""%)"")) +"
"0","  "
"0","  # Add arrows for loadings (scaled by 10 for better visibility)"
"0","  geom_segment("
"0","    data = pca_loadings_higlighted, "
"0","    aes(x = 0, y = 0, xend = PC1 * 500, yend = PC2 * 500), "
"0","    arrow = arrow(length = unit(0.3, ""cm"")), color = ""black"", size = 0.4) +  "
"0","  geom_segment("
"0","    data = pca_loadings_dark, "
"0","    aes(x = 0, y = 0, xend = PC1 * 500, yend = PC2 * 500), "
"0","    arrow = arrow(length = unit(0.3, ""cm"")), color = ""black"", size = 0.4) +  "
"0","  "
"0","  geom_image("
"0","    data = tibble(PC1 = 196, PC2 = -304),"
"0","    aes(image = ""data/bird_icons/dromaius_novaehollandiae.png""),"
"0","    size = 0.15"
"0","  ) +"
"0","  geom_image("
"0","    data = tibble(PC1 = 813, PC2 = 129),"
"0","    aes(image = ""data/bird_icons/leptoptilos_dubius.png""),"
"0","    size = 0.11"
"0","  ) +"
"0","  geom_image("
"0","    data = tibble(PC1 = 438, PC2 = -153),"
"0","    aes(image = ""data/bird_icons/pavo_cristatus.png""),"
"0","    size = 0.12"
"0","  ) +"
"0","  # geom_image("
"0","  #   data = tibble(PC1 = 343, PC2 = -175),"
"0","  #   aes(image = ""data/bird_icons/crax_alector.png""),"
"0","  #   size = 0.1"
"0","  # ) +"
"0","  geom_image("
"0","    data = tibble(PC1 = 271, PC2 = -43),"
"0","    aes(image = ""data/bird_icons/accipiter_gentilis.png""),"
"0","    size = 0.1"
"0","  ) +"
"0","  geom_image("
"0","    data = tibble(PC1 = 20, PC2 = -131),"
"0","    aes(image = ""data/bird_icons/urocolius_macrourus.png""),"
"0","    size = 0.08"
"0","  ) +"
"0","  geom_image("
"0","    data = tibble(PC1 = 180, PC2 = 90),"
"0","    aes(image = ""data/bird_icons/larus_ridibundus.png""),"
"0","    size = 0.1"
"0","  ) +"
"0",""
"0","  # geom_path(aes(x = PC1, y = PC2), data=contour_95) +"
"0","  annotate(""text"", x = 400, y = 160, label = ""Wing length"")+"
"0","  annotate(""text"", x = -30, y = 115, label = ""Hand wing index"")+"
"0","  "
"0","  # Add text labels for each variable (next to arrows)"
"0","  geom_text("
"0","    data = pca_loadings, aes(x = PC1 * 500, y = PC2 * 500, label = variable), "
"0","    color = ""black"", hjust = 1.2, vjust = 1.2, size = 4) +"
"0","  "
"0","  theme_minimal() +"
"0","  theme(legend.position = ""bottom"""
"0","        ) + "
"0","  scale_color_discrete() "
"2","Warning: Using `size` aesthetic for lines was deprecated in ggplot2 3.4.0.
Please use `linewidth` instead."
"0","plot(pca_plot)"
"0",""
