"0",""
"0",""
"0",""
"0","##########"
"0","# Chi_square dataset test - check "
"0","min_count_check_matrix <- matrix("
"0","  NA, nrow = length(traits), ncol = length(traits)"
"0","  )"
"0","rownames(min_count_check_matrix) <- traits"
"0","colnames(min_count_check_matrix) <- traits"
"0",""
"0","for (i in 1:length(traits)) {"
"0","  for (j in i:length(traits)) {"
"0","    if (i == j) {"
"0","      min_count_check_matrix[i, j] <- NA  # No test with the same trait"
"0","    } else {"
"0","      # Calculate the contingency table for the pair of traits"
"0","      contingency_table <- table("
"0","        Functional_trait_data[[traits[i]]], Functional_trait_data[[traits[j]]]"
"0","        )"
"0","      "
"0","      # Calculate the expected counts for the contingency table"
"0","      expected_counts <- chisq.test(contingency_table)$expected"
"0","      "
"0","      # Check if all expected counts are greater than or equal to 5"
"0","      if (all(expected_counts >= 5)) {"
"0","        min_count_check_matrix[i, j] <- ""Sufficient"" #Chi-square test "
"0","        min_count_check_matrix[j, i] <- ""Sufficient"""
"0","      } else {"
"0","        min_count_check_matrix[i, j] <- ""Insufficient"" #Fisher's exact "
"0","        min_count_check_matrix[j, i] <- ""Insufficient"""
"0","      }"
"0","    }"
"0","  }"
"0","}"
"0",""
"0","# Convert the matrix into a data frame for a nicer display"
"0","min_count_check_table <- as.data.frame(min_count_check_matrix)"
"0","print(min_count_check_table)"
