"0","#| warning: false"
"0",""
"0","traits <- traits[-1] "
"0",""
"0","# Create an empty matrix to store the p-values"
"0","p_value_matrix <- matrix(NA, nrow = length(traits), ncol = length(traits))"
"0","rownames(p_value_matrix) <- traits"
"0","colnames(p_value_matrix) <- traits"
"0",""
"0","# Loop through all pairs of traits to calculate the p-values"
"0","for (i in 1:length(traits)) {"
"0","  for (j in i:length(traits)) {"
"0","    if (i == j) {"
"0","      p_value_matrix[i, j] <- NA  # No correlation test with the same trait"
"0","    } else {"
"0","      # Perform the Chi-square test for the pair of traits"
"0","      chi_square_result <- chisq.test(Functional_trait_data[[traits[i]]], "
"0","                                      Functional_trait_data[[traits[j]]])"
"0","      "
"0","      # Store the p-value in both symmetric positions of the matrix"
"0","      p_value_matrix[i, j] <- round(chi_square_result$p.value, digits = 4)"
"0","      p_value_matrix[j, i] <- round(chi_square_result$p.value, digits = 4)"
"0","    }"
"0","  }"
"0","}"
"0",""
"0","# Convert the matrix into a data frame for a nicer display"
"0","p_value_table <- as.data.frame(p_value_matrix)"
"0","print(p_value_table)"
