"0","### PCA"
"0","traits <- final_table[, sapply(final_table, is.numeric)]"
"0","scaled_traits <- scale(traits)"
"0",""
"0","# Perform PCA"
"0","pca_result <- prcomp(scaled_traits, scale. = FALSE)"
"0",""
"0","# Extract PCA scores (for plotting points)"
"0","pca_scores <- as.data.frame(pca_result$x)"
"0","pca_scores$species3_bird_tree <- final_table$species3_bird_tree"
"0",""
"0","# Extract loadings (for plotting arrows)"
"0","pca_loadings <- as.data.frame(pca_result$rotation[, 1:2])  "
"0",""
"0","# Select PC1 and PC2 loadings"
"0","pca_loadings$variable <- rownames(pca_loadings)"
"0",""
"0","pca_loadings <- pca_loadings |>"
"0","  mutate(variable = case_match("
"0","    variable,"
"0","    ""beak_length_culmen"" ~ ""a"","
"0","    ""beak_length_nares"" ~ ""b"","
"0","    ""beak_width"" ~ ""c"","
"0","    ""beak_depth"" ~ """","
"0","    ""tarsus_length"" ~ ""e"","
"0","    ""wing_length"" ~ """","
"0","    ""kipps_distance"" ~ """","
"0","    ""hand_wing_index"" ~ ""Hand wing index"","
"0","    ""tail_length"" ~ """","
"0","    .default = variable"
"0","  ))"
"0",""
"0","pca_loadings_higlighted <- pca_loadings |> slice(-c(1:5))"
"0","pca_loadings_dark <- pca_loadings |> slice(-c(6:9))"
"0",""
"0",""
"0","pca_scores_with_group2 <- pca_scores |>"
"0","  mutate(groups = (final_table$groups)) "
"0",""
"0",""
"0","pca_gulls <- pca_scores_with_group2 |>"
"0","  filter(groups == ""Gulls"") "
"0","pca_auks <- pca_scores_with_group2 |>"
"0","  filter(groups == ""Auks"") "
"0","pca_ducks <- pca_scores_with_group2 |>"
"0","  filter(groups == ""Ducks"") "
"0","pca_petrels <- pca_scores_with_group2 |>"
"0","  filter(groups == ""Petrels"") "
"0","pca_cs1 <- pca_scores_with_group2 |>"
"0","  filter(groups == ""Commorants_and_shags"") "
"0","pca_cs <- rbind(pca_cs1, pca_cs1)"
"0","pca_cs[4, 1] <- (pca_cs[4, 1] -0.75)"
"0","pca_cs[4, 2] <- (pca_cs[4, 2] +0.75)"
"0","pca_cs[3, 1] <- (pca_cs[3, 1] +0.75)"
"0","pca_cs[3, 2] <- (pca_cs[3, 2] -0.75)"
"0","pca_cs[2, 1] <- (pca_cs[2, 1] +0.75)"
"0","pca_cs[1, 1] <- (pca_cs[1, 1] -0.75)"
"0",""
"0","pca_sulids1 <- pca_scores_with_group2 |>"
"0","  filter(groups == ""Sulids"") "
"0","pca_sulids2 <- rbind(pca_sulids1, pca_sulids1)"
"0","pca_sulids <- rbind(pca_sulids2, pca_sulids2)"
"0","pca_sulids[1, 1] <- (pca_sulids[1, 1] -0.7)"
"0","pca_sulids[2, 1] <- (pca_sulids[2, 1] +0.7)"
"0","pca_sulids[3, 2] <- (pca_sulids[3, 2] -0.7)"
"0","pca_sulids[4, 2] <- (pca_sulids[4, 2] +0.7)"
"0",""
"0",""
"0","pca_waders1 <- pca_scores_with_group2 |>"
"0","  filter(groups == ""Waders"") "
"0","pca_waders2 <- rbind(pca_waders1, pca_waders1)"
"0","pca_waders <- rbind(pca_waders2, pca_waders2)"
"0","pca_waders[1, 1] <- (pca_waders[1, 1] -0.7)"
"0","pca_waders[2, 1] <- (pca_waders[2, 1] +0.7)"
"0","pca_waders[3, 2] <- (pca_waders[3, 2] -0.7)"
"0","pca_waders[4, 2] <- (pca_waders[4, 2] +0.7)"
"0",""
"0",""
"0",""
"0",""
"0","pca_gulls <- do.call(rbind, lapply("
"0","  split(pca_gulls, pca_gulls$groups), find_hull)"
"0","  )"
"0","pca_auks <- do.call(rbind, lapply("
"0","  split(pca_auks, pca_auks$groups), find_hull)"
"0","  )"
"0","pca_ducks <- do.call(rbind, lapply("
"0","  split(pca_ducks, pca_ducks$groups), find_hull)"
"0","  )"
"0","pca_petrels <- do.call(rbind, lapply("
"0","  split(pca_petrels, pca_petrels$groups), find_hull)"
"0","  )"
"0","pca_cs <- do.call(rbind, lapply("
"0","  split(pca_cs, pca_cs$groups), find_hull)"
"0","  )"
"0","pca_sulids <- do.call(rbind, lapply("
"0","  split(pca_sulids, pca_sulids$groups), find_hull)"
"0","  )"
"0","pca_waders <- do.call(rbind, lapply("
"0","  split(pca_waders, pca_waders$groups), find_hull)"
"0","  )"
"0",""
"0",""
"0","final_table <- final_table |>"
"0","  mutate(groups = case_match("
"0","    groups,"
"0","    ""Commorants_and_shags"" ~ ""Commorants and Shags"","
"0","    .default = groups"
"0","  ))"
"0","  "
"0",""
"0","# Create a PCA biplot with ggplot2"
"0","pca_plot <- ggplot(pca_scores, aes(x = PC1, y = PC2)) +"
"0","  "
"0","  geom_polygon(data = pca_gulls, fill = ""#00C094"", aes(x = PC1, y = PC2),"
"0","              alpha = 0.33) +"
"0","  geom_polygon(data = pca_auks, fill = ""#F8766D"", aes(x = PC1, y = PC2),"
"0","              alpha = 0.33) +"
"0","  geom_polygon(data = pca_ducks, fill = ""#53B400"", aes(x = PC1, y = PC2),"
"0","              alpha = 0.33) +"
"0","  geom_polygon(data = pca_petrels, fill = ""#00B6EB"", aes(x = PC1, y = PC2),"
"0","              alpha = 0.33) +"
"0","  geom_polygon(data = pca_cs, fill = ""#C49A00"", aes(x = PC1, y = PC2),"
"0","              alpha = 0.3) +"
"0","  geom_polygon(data = pca_sulids, fill = ""#A58AFF"", aes(x = PC1, y = PC2),"
"0","              alpha = 0.33) +"
"0","  geom_polygon(data = pca_waders, fill = ""#FB61D7"", aes(x = PC1, y = PC2),"
"0","              alpha = 0.33) +"
"0","  "
"0","  geom_segment("
"0","    data = pca_loadings_higlighted, "
"0","    aes(x = 0, y = 0, xend = PC1 * 10, yend = PC2 * 10), "
"0","    arrow = arrow(length = unit(0.3, ""cm"")), color = ""black"", size = 0.4) +"
"0","  "
"0","  geom_segment("
"0","    data = pca_loadings_dark, "
"0","    aes(x = 0, y = 0, xend = PC1 * 10, yend = PC2 * 10), "
"0","    arrow = arrow(length = unit(0.3, ""cm"")), color = ""darkgray"", size = 0.4) +"
"0","  "
"0","  # Plot points for each species"
"0","  geom_point(aes(color = final_table$groups), size = 4) +  "
"0","  # geom_text_repel("
"0","  #   aes(label = species3_bird_tree), max.overlaps = 50, size = 3"
"0","  #   ) +"
"0",""
"0","  "
"0","  # geom_polygon(data = hulls, fill = groups) +"
"0","  # Add text labels for each variable (next to arrows)"
"0","  geom_text("
"0","    data = pca_loadings, aes(x = PC1 * 10, y = PC2 * 10, label = variable), "
"0","    color = ""black"", hjust = 1.2, vjust = 1.2, size = 4) +"
"0","  "
"0","  annotate(""text"", x = 3.4, y = -2.6, label = ""d"")+"
"0","  annotate(""text"", x = 4.3, y = 3.15, label = ""Tail length"")+"
"0","  annotate(""text"", x = 5, y = 2.2, label = ""Wing length"")+"
"0","  annotate(""text"", x = 4.7, y = 4.2, label = ""Kipps distance"")+"
"0",""
"0","  geom_vline(aes(xintercept = 0), show.legend = NA, linetype = 2, size = 0.3) +"
"0","  geom_hline(aes(yintercept = 0), show.legend = NA, linetype = 2, size = 0.3) +"
"0","  labs("
"0","       x = paste0(""PC1: Size axis ("", round("
"0","         100*pca_result$sdev[1]^2/sum(pca_result$sdev^2), 2), ""%)""),"
"0","       y = paste0(""PC2: Dive axis ("", round("
"0","         100*pca_result$sdev[2]^2/sum(pca_result$sdev^2), 2), ""%)"")) +"
"0","  "
"0","  theme_minimal() +"
"0","  theme(legend.position = ""bottom"") +"
"0","  scale_color_discrete() "
"0",""
"0","# Display the plot"
"0","print(pca_plot)"
"0",""
